path,reason
C:\_chunker\03_archive\ChatGPT-CAD_Notes_cleaning_logic,Empty directory
C:\_chunker\03_archive\ChatGPT-RMS_data_summary_prompt,Empty directory
C:\_chunker\03_archive\ChatGPT-Script_summary,Empty directory
C:\_chunker\03_archive\ChatGPT-SCRPA_report_summary,Empty directory
C:\_chunker\03_archive\Claude-ArcPy_Crime_Summary_Scripts,Empty directory
C:\_chunker\03_archive\Claude-CADNotes_Data_Cleaning_Script_04,Empty directory
C:\_chunker\03_archive\no_chunks,Empty directory
C:\_chunker\04_output\2025_10_27_11_27_19_Claude-Clarifying_CAD_Data_Analysis_Requirements,Empty directory
C:\_chunker\04_output\2025_10_27_11_30_43_Claude-Data_Visualization_Requirements_for_ReportRC_and_MAP_RC,Empty directory
C:\_chunker\04_output\2025_10_27_11_40_05_Claude-Police_Report_Metrics_Dashboard_Design_1,Empty directory
C:\_chunker\04_output\2025_10_27_11_40_10_Claude-Police_Report_Metrics_Dashboard_Design,Empty directory
C:\_chunker\04_output\2025_10_27_11_44_00_Claude-Redesigning_CADRMS_Tab_for_Improved_Data_Entry,Empty directory
C:\_chunker\04_output\2025_10_27_11_46_01_Claude-SSOCC_System_Access_Guide_1,Empty directory
C:\_chunker\04_output\2025_10_27_12_07_41_Gemini-Power_BI_Layout_JSON_Prompt_Guide,Empty directory
C:\_chunker\04_output\2025_10_27_12_12_40_Gemini-Setting_Up_Gemini_CLI_Guide,Empty directory
C:\_chunker\04_output\2025_10_27_12_13_14_Gemini-Streamlining_Data_Reporting_Proposal,Empty directory
C:\_chunker\04_output\2025_10_27_12_14_26_Gemini-Attachment_1_is_a_table_named_mom_remu_which_is_a_month-over-month_table_that_collects_the_to,Empty directory
C:\_chunker\04_output\2025_10_27_12_14_26_Gemini-I_have_a_power_bi_query_that_has_this_error_DataFormatError_The_magic_number_in_GZip_header_i,Empty directory
C:\_chunker\04_output\2025_10_27_12_14_26_Gemini-Looking_to_create_an_outline_for_a_python_project_that_Im_gonna_be_starting_The_python_projec,Empty directory
C:\_chunker\04_output\2025_10_27_12_15_40_Gemini-Attachment_1_is_a_table_named_mom_remu_which_is_a_month-over-month_table_that_collects_the_to,Empty directory
C:\_chunker\04_output\2025_10_27_12_15_40_Gemini-I_have_a_power_bi_query_that_has_this_error_DataFormatError_The_magic_number_in_GZip_header_i,Empty directory
C:\_chunker\04_output\2025_10_27_12_15_40_Gemini-Looking_to_create_an_outline_for_a_python_project_that_Im_gonna_be_starting_The_python_projec,Empty directory
C:\_chunker\04_output\2025_10_27_12_16_55_Gemini-Attachment_1_is_a_table_named_mom_remu_which_is_a_month-over-month_table_that_collects_the_to,Empty directory
C:\_chunker\04_output\2025_10_27_12_16_55_Gemini-I_have_a_power_bi_query_that_has_this_error_DataFormatError_The_magic_number_in_GZip_header_i,Empty directory
C:\_chunker\04_output\2025_10_27_12_16_55_Gemini-Looking_to_create_an_outline_for_a_python_project_that_Im_gonna_be_starting_The_python_projec,Empty directory
C:\_chunker\04_output\2025_10_27_12_18_44_Gemini-Attachment_1_is_a_table_named_mom_remu_which_is_a_month-over-month_table_that_collects_the_to,Empty directory
C:\_chunker\04_output\2025_10_27_12_18_44_Gemini-I_have_a_power_bi_query_that_has_this_error_DataFormatError_The_magic_number_in_GZip_header_i,Empty directory
C:\_chunker\04_output\2025_10_27_12_18_44_Gemini-Looking_to_create_an_outline_for_a_python_project_that_Im_gonna_be_starting_The_python_projec,Empty directory
C:\_chunker\04_output\2025_10_27_12_20_32_Gemini-Attachment_1_is_a_table_named_mom_remu_which_is_a_month-over-month_table_that_collects_the_to,Empty directory
C:\_chunker\04_output\2025_10_27_12_20_32_Gemini-I_have_a_power_bi_query_that_has_this_error_DataFormatError_The_magic_number_in_GZip_header_i,Empty directory
C:\_chunker\04_output\2025_10_27_12_20_32_Gemini-Looking_to_create_an_outline_for_a_python_project_that_Im_gonna_be_starting_The_python_projec,Empty directory
C:\_chunker\04_output\2025_10_27_12_29_57_Code_Copilot_Power_Bi_Queries_Monthly_SUMMARY,Empty directory
C:\_chunker\04_output\2025_10_27_15_18_54_arrest_master_tables_mcode,Empty directory
C:\_chunker\04_output\2025_10_27_15_20_07_MVA_Master_V3_KPI,Empty directory
C:\_chunker\04_output\2025_10_27_15_21_18_duration_handling_guide,Empty directory
C:\_chunker\04_output\2025_10_27_15_21_47_powerbi_matrix_setup,Empty directory
C:\_chunker\04_output\2025_10_27_15_21_50_ROBUSTV7_Column_Inspector,Empty directory
C:\_chunker\04_output\2025_10_27_15_27_24_cad_rms_cleanup_guide,Empty directory
C:\_chunker\04_output\2025_10_27_15_27_27_summons_dashboard_todo,Empty directory
C:\_chunker\04_output\2025_10_27_19_07_24_m_code_summary_notes,Empty directory
C:\_chunker\04_output\2025_10_27_19_15_12_executive_summary_all_data_fixed,Empty directory
C:\_chunker\04_output\2025_10_27_19_15_18_executive_summary_final_fixed,Empty directory
C:\_chunker\04_output\2025_10_27_19_15_31_executive_summary_final_mcode,Empty directory
C:\_chunker\04_output\2025_10_27_19_16_21_fixed_executive_summary,Empty directory
C:\_chunker\04_output\2025_10_27_19_19_03_kpi_query_fixed,Empty directory
C:\_chunker\04_output\2025_10_27_19_21_49_Notes,Empty directory
C:\_chunker\04_output\2025_10_27_19_24_41_Python_code_Notes_SCRPA_Narrative,Empty directory
C:\_chunker\04_output\2025_10_27_19_27_02_SOURCES,Empty directory
C:\_chunker\04_output\2025_10_27_19_33_27_SCRPA_Crime_Analysis_Systems_Usage_Guide,Empty directory
C:\_chunker\04_output\2025_10_27_19_33_33_summary,Empty directory
C:\_chunker\04_output\2025_10_27_19_33_37_T4_Cycle_Report_Summary_2025_05_21_22_23_56_Wed,Empty directory
C:\_chunker\04_output\2025_10_27_19_35_08_summary_log,Empty directory
C:\_chunker\04_output\2025_10_27_19_47_17_Recreate_CAD_M_Code_Guide,Empty directory
C:\_chunker\04_output\2025_10_27_19_49_33_SOURCES,Empty directory
C:\_chunker\04_output\2025_10_27_19_52_25_SOURCES,Empty directory
C:\_chunker\04_output\2025_10_27_19_55_17_SOURCES,Empty directory
C:\_chunker\04_output\2025_10_27_19_58_09_SOURCES,Empty directory
C:\_chunker\04_output\2025_10_27_20_01_01_SOURCES,Empty directory
C:\_chunker\04_output\2025_10_27_20_03_53_SOURCES,Empty directory
C:\_chunker\04_output\2025_10_27_20_06_44_SOURCES,Empty directory
C:\_chunker\04_output\2025_10_27_20_09_36_SOURCES,Empty directory
C:\_chunker\04_output\2025_10_27_20_12_34_SOURCES,Empty directory
C:\_chunker\04_output\2025_10_27_20_14_18_SOURCES,Empty directory
C:\_chunker\04_output\2025_10_27_20_16_21_SOURCES,Empty directory
C:\_chunker\04_output\Claude-ArcPy_Crime_Summary_Scripts,Empty directory
C:\_chunker\04_output\Claude-CADNotes_Data_Cleaning_Script_04,Empty directory
C:\_chunker\archive\trash\2025_10_31_18_46_35\.venv\Lib\site-packages\pip\_internal\resolution\legacy\__pycache__,Cruft: __pycache__
C:\_chunker\05_logs\legacy\chat_watcher_20251029_215403,Empty directory
C:\_chunker\04_output\migrated\chat_watcher_20251029_212014,Empty directory
C:\_chunker\04_output\migrated\chunker_20251029_212014,Empty directory
C:\_chunker\04_output\migrated\ClaudeExportFixer_20251029_212014\chunks,Empty directory
C:\_chunker\04_output\migrated\ClaudeExportFixer_20251029_212014\claude_exports,Empty directory
C:\_chunker\03_archive\03_Archive\.tmp.driveupload_20250825_183911,Empty directory
C:\_chunker\03_archive\03_Archive\.tmp.driveupload_20250825_184053,Empty directory
C:\_chunker\03_archive\03_Archive\02_Refrence,Empty directory
C:\_chunker\03_archive\03_Archive\02_Refrence_20250825_183911,Empty directory
C:\_chunker\03_archive\03_Archive\02_Refrence_20250825_184053,Empty directory
C:\_chunker\03_archive\03_Archive_20250825_184105\.tmp.drivedownload,Empty directory
C:\_chunker\03_archive\03_Archive_20250825_184105\.tmp.drivedownload_20250825_184105,Empty directory
C:\_chunker\03_archive\03_Archive_20250825_184105\.tmp.driveupload,Empty directory
C:\_chunker\03_archive\03_Archive_20250825_184105\.tmp.driveupload_20250825_183911,Empty directory
C:\_chunker\03_archive\03_Archive_20250825_184105\.tmp.driveupload_20250825_184053,Empty directory
C:\_chunker\03_archive\03_Archive_20250825_184105\02_Refrence,Empty directory
C:\_chunker\03_archive\03_Archive_20250825_184105\02_Refrence_20250825_183911,Empty directory
C:\_chunker\03_archive\03_Archive_20250825_184105\02_Refrence_20250825_184053,Empty directory
C:\_chunker\03_archive\03_Archive_20250825_184105\02_Refrence_20250825_184105,Empty directory
C:\_chunker\03_archive\03_Archive_20250825_184138\.tmp.drivedownload,Empty directory
C:\_chunker\03_archive\03_Archive_20250825_184138\.tmp.drivedownload_20250825_184105,Empty directory
C:\_chunker\03_archive\03_Archive_20250825_184138\.tmp.drivedownload_20250825_184138,Empty directory
C:\_chunker\03_archive\03_Archive_20250825_184138\.tmp.driveupload,Empty directory
C:\_chunker\03_archive\03_Archive_20250825_184138\.tmp.driveupload_20250825_183911,Empty directory
C:\_chunker\03_archive\03_Archive_20250825_184138\.tmp.driveupload_20250825_184053,Empty directory
C:\_chunker\03_archive\03_Archive_20250825_184138\.tmp.driveupload_20250825_184105,Empty directory
C:\_chunker\03_archive\03_Archive_20250825_184138\.tmp.driveupload_20250825_184138,Empty directory
C:\_chunker\03_archive\03_Archive_20250825_184138\02_Refrence,Empty directory
C:\_chunker\03_archive\03_Archive_20250825_184138\02_Refrence_20250825_183911,Empty directory
C:\_chunker\03_archive\03_Archive_20250825_184138\02_Refrence_20250825_184053,Empty directory
C:\_chunker\03_archive\03_Archive_20250825_184138\02_Refrence_20250825_184105,Empty directory
C:\_chunker\03_archive\03_Archive_20250825_184138\02_Refrence_20250825_184138,Empty directory
C:\_chunker\03_archive\03_Archive_20250825_184138\nppBackup_20250825_184105,Empty directory
C:\_chunker\03_archive\03_Archive_20250825_184149\.tmp.drivedownload,Empty directory
C:\_chunker\03_archive\03_Archive_20250825_184149\.tmp.drivedownload_20250825_184105,Empty directory
C:\_chunker\03_archive\03_Archive_20250825_184149\.tmp.drivedownload_20250825_184138,Empty directory
C:\_chunker\03_archive\03_Archive_20250825_184149\.tmp.driveupload,Empty directory
C:\_chunker\03_archive\03_Archive_20250825_184149\.tmp.driveupload_20250825_183911,Empty directory
C:\_chunker\03_archive\03_Archive_20250825_184149\.tmp.driveupload_20250825_184053,Empty directory
C:\_chunker\03_archive\03_Archive_20250825_184149\.tmp.driveupload_20250825_184105,Empty directory
C:\_chunker\03_archive\03_Archive_20250825_184149\.tmp.driveupload_20250825_184138,Empty directory
C:\_chunker\03_archive\03_Archive_20250825_184149\02_Refrence,Empty directory
C:\_chunker\03_archive\03_Archive_20250825_184149\02_Refrence_20250825_183911,Empty directory
C:\_chunker\03_archive\03_Archive_20250825_184149\02_Refrence_20250825_184053,Empty directory
C:\_chunker\03_archive\03_Archive_20250825_184149\02_Refrence_20250825_184105,Empty directory
C:\_chunker\03_archive\03_Archive_20250825_184149\02_Refrence_20250825_184138,Empty directory
C:\_chunker\03_archive\03_Archive_20250825_184149\02_Refrence_20250825_184149,Empty directory
C:\_chunker\03_archive\03_Archive_20250825_184149\nppBackup_20250825_184105,Empty directory
C:\_chunker\03_archive\03_Archive_20250825_184149\nppBackup_20250825_184139,Empty directory
C:\_chunker\03_archive\03_Archive_20250825_184316\.tmp.drivedownload,Empty directory
C:\_chunker\03_archive\03_Archive_20250825_184316\.tmp.drivedownload_20250825_184105,Empty directory
C:\_chunker\03_archive\03_Archive_20250825_184316\.tmp.drivedownload_20250825_184138,Empty directory
C:\_chunker\03_archive\03_Archive_20250825_184316\.tmp.drivedownload_20250825_184316,Empty directory
C:\_chunker\03_archive\03_Archive_20250825_184316\.tmp.driveupload,Empty directory
C:\_chunker\03_archive\03_Archive_20250825_184316\.tmp.driveupload_20250825_183911,Empty directory
C:\_chunker\03_archive\03_Archive_20250825_184316\.tmp.driveupload_20250825_184053,Empty directory
C:\_chunker\03_archive\03_Archive_20250825_184316\.tmp.driveupload_20250825_184105,Empty directory
C:\_chunker\03_archive\03_Archive_20250825_184316\.tmp.driveupload_20250825_184138,Empty directory
C:\_chunker\03_archive\03_Archive_20250825_184316\.tmp.driveupload_20250825_184149,Empty directory
C:\_chunker\03_archive\03_Archive_20250825_184316\.tmp.driveupload_20250825_184316,Empty directory
C:\_chunker\03_archive\03_Archive_20250825_184316\02_Refrence,Empty directory
C:\_chunker\03_archive\03_Archive_20250825_184316\02_Refrence_20250825_183911,Empty directory
C:\_chunker\03_archive\03_Archive_20250825_184316\02_Refrence_20250825_184053,Empty directory
C:\_chunker\03_archive\03_Archive_20250825_184316\02_Refrence_20250825_184105,Empty directory
C:\_chunker\03_archive\03_Archive_20250825_184316\02_Refrence_20250825_184138,Empty directory
C:\_chunker\03_archive\03_Archive_20250825_184316\02_Refrence_20250825_184149,Empty directory
C:\_chunker\03_archive\03_Archive_20250825_184316\02_Refrence_20250825_184316,Empty directory
C:\_chunker\03_archive\03_Archive_20250825_184316\nppBackup_20250825_184105,Empty directory
C:\_chunker\03_archive\03_Archive_20250825_184316\nppBackup_20250825_184139,Empty directory
C:\_chunker\03_archive\03_Archive_20250825_184316\nppBackup_20250825_184150,Empty directory
C:\_chunker\03_archive\03_Archive_20250825_185825\.tmp.drivedownload,Empty directory
C:\_chunker\03_archive\03_Archive_20250825_185825\.tmp.drivedownload_20250825_184105,Empty directory
C:\_chunker\03_archive\03_Archive_20250825_185825\.tmp.drivedownload_20250825_184138,Empty directory
C:\_chunker\03_archive\03_Archive_20250825_185825\.tmp.drivedownload_20250825_184316,Empty directory
C:\_chunker\03_archive\03_Archive_20250825_185825\.tmp.driveupload,Empty directory
C:\_chunker\03_archive\03_Archive_20250825_185825\.tmp.driveupload_20250825_183911,Empty directory
C:\_chunker\03_archive\03_Archive_20250825_185825\.tmp.driveupload_20250825_184053,Empty directory
C:\_chunker\03_archive\03_Archive_20250825_185825\.tmp.driveupload_20250825_184105,Empty directory
C:\_chunker\03_archive\03_Archive_20250825_185825\.tmp.driveupload_20250825_184138,Empty directory
C:\_chunker\03_archive\03_Archive_20250825_185825\.tmp.driveupload_20250825_184149,Empty directory
C:\_chunker\03_archive\03_Archive_20250825_185825\.tmp.driveupload_20250825_184316,Empty directory
C:\_chunker\03_archive\03_Archive_20250825_185825\02_Refrence,Empty directory
C:\_chunker\03_archive\03_Archive_20250825_185825\02_Refrence_20250825_183911,Empty directory
C:\_chunker\03_archive\03_Archive_20250825_185825\02_Refrence_20250825_184053,Empty directory
C:\_chunker\03_archive\03_Archive_20250825_185825\02_Refrence_20250825_184105,Empty directory
C:\_chunker\03_archive\03_Archive_20250825_185825\02_Refrence_20250825_184138,Empty directory
C:\_chunker\03_archive\03_Archive_20250825_185825\02_Refrence_20250825_184149,Empty directory
C:\_chunker\03_archive\03_Archive_20250825_185825\02_Refrence_20250825_184316,Empty directory
C:\_chunker\03_archive\03_Archive_20250825_185825\02_Refrence_20250825_185825,Empty directory
C:\_chunker\03_archive\03_Archive_20250825_185825\nppBackup_20250825_184105,Empty directory
C:\_chunker\03_archive\03_Archive_20250825_185825\nppBackup_20250825_184139,Empty directory
C:\_chunker\03_archive\03_Archive_20250825_185825\nppBackup_20250825_184150,Empty directory
C:\_chunker\03_archive\03_Archive_20250825_185825\nppBackup_20250825_184316,Empty directory
C:\_chunker\03_archive\admin\main_old.py,Cruft: main_old.py
C:\_chunker\03_archive\admin\test_folder_creation.py,Cruft: test_folder_creation.py
C:\_chunker\03_archive\admin\test_python_structure.py,Cruft: test_python_structure.py
C:\_chunker\03_archive\admin\test_python_structure_190203_1.py,Cruft: test_python_structure_190203_1.py
C:\_chunker\03_archive\legacy\chat_log_chunker_20251029_215403,Empty directory
C:\_chunker\03_archive\legacy\chat_watcher_20251029_215403,Empty directory
C:\_chunker\03_archive\legacy\ClaudeExportFixer_20251029_215403,Empty directory
C:\_chunker\03_archive\03_Archive_20250825_185825\03_Archive\.tmp.driveupload_20250825_183911,Empty directory
C:\_chunker\03_archive\03_Archive_20250825_185825\03_Archive\.tmp.driveupload_20250825_184053,Empty directory
C:\_chunker\03_archive\03_Archive_20250825_185825\03_Archive\02_Refrence,Empty directory
C:\_chunker\03_archive\03_Archive_20250825_185825\03_Archive\02_Refrence_20250825_183911,Empty directory
C:\_chunker\03_archive\03_Archive_20250825_185825\03_Archive\02_Refrence_20250825_184053,Empty directory
C:\_chunker\03_archive\03_Archive_20250825_185825\03_Archive_20250825_184105\.tmp.drivedownload,Empty directory
C:\_chunker\03_archive\03_Archive_20250825_185825\03_Archive_20250825_184105\.tmp.drivedownload_20250825_184105,Empty directory
C:\_chunker\03_archive\03_Archive_20250825_185825\03_Archive_20250825_184105\.tmp.driveupload,Empty directory
C:\_chunker\03_archive\03_Archive_20250825_185825\03_Archive_20250825_184105\.tmp.driveupload_20250825_183911,Empty directory
C:\_chunker\03_archive\03_Archive_20250825_185825\03_Archive_20250825_184105\.tmp.driveupload_20250825_184053,Empty directory
C:\_chunker\03_archive\03_Archive_20250825_185825\03_Archive_20250825_184105\02_Refrence,Empty directory
C:\_chunker\03_archive\03_Archive_20250825_185825\03_Archive_20250825_184105\02_Refrence_20250825_183911,Empty directory
C:\_chunker\03_archive\03_Archive_20250825_185825\03_Archive_20250825_184105\02_Refrence_20250825_184053,Empty directory
C:\_chunker\03_archive\03_Archive_20250825_185825\03_Archive_20250825_184105\02_Refrence_20250825_184105,Empty directory
C:\_chunker\03_archive\03_Archive_20250825_185825\03_Archive_20250825_184138\.tmp.drivedownload,Empty directory
C:\_chunker\03_archive\03_Archive_20250825_185825\03_Archive_20250825_184138\.tmp.drivedownload_20250825_184105,Empty directory
C:\_chunker\03_archive\03_Archive_20250825_185825\03_Archive_20250825_184138\.tmp.drivedownload_20250825_184138,Empty directory
C:\_chunker\03_archive\03_Archive_20250825_185825\03_Archive_20250825_184138\.tmp.driveupload,Empty directory
C:\_chunker\03_archive\03_Archive_20250825_185825\03_Archive_20250825_184138\.tmp.driveupload_20250825_183911,Empty directory
C:\_chunker\03_archive\03_Archive_20250825_185825\03_Archive_20250825_184138\.tmp.driveupload_20250825_184053,Empty directory
C:\_chunker\03_archive\03_Archive_20250825_185825\03_Archive_20250825_184138\.tmp.driveupload_20250825_184105,Empty directory
C:\_chunker\03_archive\03_Archive_20250825_185825\03_Archive_20250825_184138\.tmp.driveupload_20250825_184138,Empty directory
C:\_chunker\03_archive\03_Archive_20250825_185825\03_Archive_20250825_184138\02_Refrence,Empty directory
C:\_chunker\03_archive\03_Archive_20250825_185825\03_Archive_20250825_184138\02_Refrence_20250825_183911,Empty directory
C:\_chunker\03_archive\03_Archive_20250825_185825\03_Archive_20250825_184138\02_Refrence_20250825_184053,Empty directory
C:\_chunker\03_archive\03_Archive_20250825_185825\03_Archive_20250825_184138\02_Refrence_20250825_184105,Empty directory
C:\_chunker\03_archive\03_Archive_20250825_185825\03_Archive_20250825_184138\02_Refrence_20250825_184138,Empty directory
C:\_chunker\03_archive\03_Archive_20250825_185825\03_Archive_20250825_184138\nppBackup_20250825_184105,Empty directory
C:\_chunker\03_archive\03_Archive_20250825_185825\03_Archive_20250825_184149\.tmp.drivedownload,Empty directory
C:\_chunker\03_archive\03_Archive_20250825_185825\03_Archive_20250825_184149\.tmp.drivedownload_20250825_184105,Empty directory
C:\_chunker\03_archive\03_Archive_20250825_185825\03_Archive_20250825_184149\.tmp.drivedownload_20250825_184138,Empty directory
C:\_chunker\03_archive\03_Archive_20250825_185825\03_Archive_20250825_184149\.tmp.driveupload,Empty directory
C:\_chunker\03_archive\03_Archive_20250825_185825\03_Archive_20250825_184149\.tmp.driveupload_20250825_183911,Empty directory
C:\_chunker\03_archive\03_Archive_20250825_185825\03_Archive_20250825_184149\.tmp.driveupload_20250825_184053,Empty directory
C:\_chunker\03_archive\03_Archive_20250825_185825\03_Archive_20250825_184149\.tmp.driveupload_20250825_184105,Empty directory
C:\_chunker\03_archive\03_Archive_20250825_185825\03_Archive_20250825_184149\.tmp.driveupload_20250825_184138,Empty directory
C:\_chunker\03_archive\03_Archive_20250825_185825\03_Archive_20250825_184149\02_Refrence,Empty directory
C:\_chunker\03_archive\03_Archive_20250825_185825\03_Archive_20250825_184149\02_Refrence_20250825_183911,Empty directory
C:\_chunker\03_archive\03_Archive_20250825_185825\03_Archive_20250825_184149\02_Refrence_20250825_184053,Empty directory
C:\_chunker\03_archive\03_Archive_20250825_185825\03_Archive_20250825_184149\02_Refrence_20250825_184105,Empty directory
C:\_chunker\03_archive\03_Archive_20250825_185825\03_Archive_20250825_184149\02_Refrence_20250825_184138,Empty directory
C:\_chunker\03_archive\03_Archive_20250825_185825\03_Archive_20250825_184149\02_Refrence_20250825_184149,Empty directory
C:\_chunker\03_archive\03_Archive_20250825_185825\03_Archive_20250825_184149\nppBackup_20250825_184105,Empty directory
C:\_chunker\03_archive\03_Archive_20250825_185825\03_Archive_20250825_184149\nppBackup_20250825_184139,Empty directory
C:\_chunker\03_archive\03_Archive_20250825_185825\03_Archive_20250825_184316\.tmp.drivedownload,Empty directory
C:\_chunker\03_archive\03_Archive_20250825_185825\03_Archive_20250825_184316\.tmp.drivedownload_20250825_184105,Empty directory
C:\_chunker\03_archive\03_Archive_20250825_185825\03_Archive_20250825_184316\.tmp.drivedownload_20250825_184138,Empty directory
C:\_chunker\03_archive\03_Archive_20250825_185825\03_Archive_20250825_184316\.tmp.drivedownload_20250825_184316,Empty directory
C:\_chunker\03_archive\03_Archive_20250825_185825\03_Archive_20250825_184316\.tmp.driveupload,Empty directory
C:\_chunker\03_archive\03_Archive_20250825_185825\03_Archive_20250825_184316\.tmp.driveupload_20250825_183911,Empty directory
C:\_chunker\03_archive\03_Archive_20250825_185825\03_Archive_20250825_184316\.tmp.driveupload_20250825_184053,Empty directory
C:\_chunker\03_archive\03_Archive_20250825_185825\03_Archive_20250825_184316\.tmp.driveupload_20250825_184105,Empty directory
C:\_chunker\03_archive\03_Archive_20250825_185825\03_Archive_20250825_184316\.tmp.driveupload_20250825_184138,Empty directory
C:\_chunker\03_archive\03_Archive_20250825_185825\03_Archive_20250825_184316\.tmp.driveupload_20250825_184149,Empty directory
C:\_chunker\03_archive\03_Archive_20250825_185825\03_Archive_20250825_184316\.tmp.driveupload_20250825_184316,Empty directory
C:\_chunker\03_archive\03_Archive_20250825_185825\03_Archive_20250825_184316\02_Refrence,Empty directory
C:\_chunker\03_archive\03_Archive_20250825_185825\03_Archive_20250825_184316\02_Refrence_20250825_183911,Empty directory
C:\_chunker\03_archive\03_Archive_20250825_185825\03_Archive_20250825_184316\02_Refrence_20250825_184053,Empty directory
C:\_chunker\03_archive\03_Archive_20250825_185825\03_Archive_20250825_184316\02_Refrence_20250825_184105,Empty directory
C:\_chunker\03_archive\03_Archive_20250825_185825\03_Archive_20250825_184316\02_Refrence_20250825_184138,Empty directory
C:\_chunker\03_archive\03_Archive_20250825_185825\03_Archive_20250825_184316\02_Refrence_20250825_184149,Empty directory
C:\_chunker\03_archive\03_Archive_20250825_185825\03_Archive_20250825_184316\02_Refrence_20250825_184316,Empty directory
C:\_chunker\03_archive\03_Archive_20250825_185825\03_Archive_20250825_184316\nppBackup_20250825_184105,Empty directory
C:\_chunker\03_archive\03_Archive_20250825_185825\03_Archive_20250825_184316\nppBackup_20250825_184139,Empty directory
C:\_chunker\03_archive\03_Archive_20250825_185825\03_Archive_20250825_184316\nppBackup_20250825_184150,Empty directory
C:\_chunker\03_archive\03_Archive_20250825_185825\03_Archive_20250825_184316\03_Archive\.tmp.driveupload_20250825_183911,Empty directory
C:\_chunker\03_archive\03_Archive_20250825_185825\03_Archive_20250825_184316\03_Archive\.tmp.driveupload_20250825_184053,Empty directory
C:\_chunker\03_archive\03_Archive_20250825_185825\03_Archive_20250825_184316\03_Archive\02_Refrence,Empty directory
C:\_chunker\03_archive\03_Archive_20250825_185825\03_Archive_20250825_184316\03_Archive\02_Refrence_20250825_183911,Empty directory
C:\_chunker\03_archive\03_Archive_20250825_185825\03_Archive_20250825_184316\03_Archive\02_Refrence_20250825_184053,Empty directory
C:\_chunker\03_archive\03_Archive_20250825_185825\03_Archive_20250825_184316\03_Archive_20250825_184105\.tmp.drivedownload,Empty directory
C:\_chunker\03_archive\03_Archive_20250825_185825\03_Archive_20250825_184316\03_Archive_20250825_184105\.tmp.drivedownload_20250825_184105,Empty directory
C:\_chunker\03_archive\03_Archive_20250825_185825\03_Archive_20250825_184316\03_Archive_20250825_184105\.tmp.driveupload,Empty directory
C:\_chunker\03_archive\03_Archive_20250825_185825\03_Archive_20250825_184316\03_Archive_20250825_184105\.tmp.driveupload_20250825_183911,Empty directory
C:\_chunker\03_archive\03_Archive_20250825_185825\03_Archive_20250825_184316\03_Archive_20250825_184105\.tmp.driveupload_20250825_184053,Empty directory
C:\_chunker\03_archive\03_Archive_20250825_185825\03_Archive_20250825_184316\03_Archive_20250825_184105\02_Refrence,Empty directory
C:\_chunker\03_archive\03_Archive_20250825_185825\03_Archive_20250825_184316\03_Archive_20250825_184105\02_Refrence_20250825_183911,Empty directory
C:\_chunker\03_archive\03_Archive_20250825_185825\03_Archive_20250825_184316\03_Archive_20250825_184105\02_Refrence_20250825_184053,Empty directory
C:\_chunker\03_archive\03_Archive_20250825_185825\03_Archive_20250825_184316\03_Archive_20250825_184105\02_Refrence_20250825_184105,Empty directory
C:\_chunker\03_archive\03_Archive_20250825_185825\03_Archive_20250825_184316\03_Archive_20250825_184138\.tmp.drivedownload,Empty directory
C:\_chunker\03_archive\03_Archive_20250825_185825\03_Archive_20250825_184316\03_Archive_20250825_184138\.tmp.drivedownload_20250825_184105,Empty directory
C:\_chunker\03_archive\03_Archive_20250825_185825\03_Archive_20250825_184316\03_Archive_20250825_184138\.tmp.drivedownload_20250825_184138,Empty directory
C:\_chunker\03_archive\03_Archive_20250825_185825\03_Archive_20250825_184316\03_Archive_20250825_184138\.tmp.driveupload,Empty directory
C:\_chunker\03_archive\03_Archive_20250825_185825\03_Archive_20250825_184316\03_Archive_20250825_184138\.tmp.driveupload_20250825_183911,Empty directory
C:\_chunker\03_archive\03_Archive_20250825_185825\03_Archive_20250825_184316\03_Archive_20250825_184138\.tmp.driveupload_20250825_184053,Empty directory
C:\_chunker\03_archive\03_Archive_20250825_185825\03_Archive_20250825_184316\03_Archive_20250825_184138\.tmp.driveupload_20250825_184105,Empty directory
C:\_chunker\03_archive\03_Archive_20250825_185825\03_Archive_20250825_184316\03_Archive_20250825_184138\.tmp.driveupload_20250825_184138,Empty directory
C:\_chunker\03_archive\03_Archive_20250825_185825\03_Archive_20250825_184316\03_Archive_20250825_184138\02_Refrence,Empty directory
C:\_chunker\03_archive\03_Archive_20250825_185825\03_Archive_20250825_184316\03_Archive_20250825_184138\02_Refrence_20250825_183911,Empty directory
C:\_chunker\03_archive\03_Archive_20250825_185825\03_Archive_20250825_184316\03_Archive_20250825_184138\02_Refrence_20250825_184053,Empty directory
C:\_chunker\03_archive\03_Archive_20250825_185825\03_Archive_20250825_184316\03_Archive_20250825_184138\02_Refrence_20250825_184105,Empty directory
C:\_chunker\03_archive\03_Archive_20250825_185825\03_Archive_20250825_184316\03_Archive_20250825_184138\02_Refrence_20250825_184138,Empty directory
C:\_chunker\03_archive\03_Archive_20250825_185825\03_Archive_20250825_184316\03_Archive_20250825_184138\nppBackup_20250825_184105,Empty directory
C:\_chunker\03_archive\03_Archive_20250825_185825\03_Archive_20250825_184316\03_Archive_20250825_184149\.tmp.drivedownload,Empty directory
C:\_chunker\03_archive\03_Archive_20250825_185825\03_Archive_20250825_184316\03_Archive_20250825_184149\.tmp.drivedownload_20250825_184105,Empty directory
C:\_chunker\03_archive\03_Archive_20250825_185825\03_Archive_20250825_184316\03_Archive_20250825_184149\.tmp.drivedownload_20250825_184138,Empty directory
C:\_chunker\03_archive\03_Archive_20250825_185825\03_Archive_20250825_184316\03_Archive_20250825_184149\.tmp.driveupload,Empty directory
C:\_chunker\03_archive\03_Archive_20250825_185825\03_Archive_20250825_184316\03_Archive_20250825_184149\.tmp.driveupload_20250825_183911,Empty directory
C:\_chunker\03_archive\03_Archive_20250825_185825\03_Archive_20250825_184316\03_Archive_20250825_184149\.tmp.driveupload_20250825_184053,Empty directory
C:\_chunker\03_archive\03_Archive_20250825_185825\03_Archive_20250825_184316\03_Archive_20250825_184149\.tmp.driveupload_20250825_184105,Empty directory
C:\_chunker\03_archive\03_Archive_20250825_185825\03_Archive_20250825_184316\03_Archive_20250825_184149\.tmp.driveupload_20250825_184138,Empty directory
C:\_chunker\03_archive\03_Archive_20250825_185825\03_Archive_20250825_184316\03_Archive_20250825_184149\02_Refrence,Empty directory
C:\_chunker\03_archive\03_Archive_20250825_185825\03_Archive_20250825_184316\03_Archive_20250825_184149\02_Refrence_20250825_183911,Empty directory
C:\_chunker\03_archive\03_Archive_20250825_185825\03_Archive_20250825_184316\03_Archive_20250825_184149\02_Refrence_20250825_184053,Empty directory
C:\_chunker\03_archive\03_Archive_20250825_185825\03_Archive_20250825_184316\03_Archive_20250825_184149\02_Refrence_20250825_184105,Empty directory
C:\_chunker\03_archive\03_Archive_20250825_185825\03_Archive_20250825_184316\03_Archive_20250825_184149\02_Refrence_20250825_184138,Empty directory
C:\_chunker\03_archive\03_Archive_20250825_185825\03_Archive_20250825_184316\03_Archive_20250825_184149\02_Refrence_20250825_184149,Empty directory
C:\_chunker\03_archive\03_Archive_20250825_185825\03_Archive_20250825_184316\03_Archive_20250825_184149\nppBackup_20250825_184105,Empty directory
C:\_chunker\03_archive\03_Archive_20250825_185825\03_Archive_20250825_184316\03_Archive_20250825_184149\nppBackup_20250825_184139,Empty directory
C:\_chunker\03_archive\03_Archive_20250825_185825\03_Archive_20250825_184316\03_Archive_20250825_184149\03_Archive\.tmp.driveupload_20250825_183911,Empty directory
C:\_chunker\03_archive\03_Archive_20250825_185825\03_Archive_20250825_184316\03_Archive_20250825_184149\03_Archive\.tmp.driveupload_20250825_184053,Empty directory
C:\_chunker\03_archive\03_Archive_20250825_185825\03_Archive_20250825_184316\03_Archive_20250825_184149\03_Archive\02_Refrence,Empty directory
C:\_chunker\03_archive\03_Archive_20250825_185825\03_Archive_20250825_184316\03_Archive_20250825_184149\03_Archive\02_Refrence_20250825_183911,Empty directory
C:\_chunker\03_archive\03_Archive_20250825_185825\03_Archive_20250825_184316\03_Archive_20250825_184149\03_Archive\02_Refrence_20250825_184053,Empty directory
C:\_chunker\03_archive\03_Archive_20250825_185825\03_Archive_20250825_184316\03_Archive_20250825_184149\03_Archive_20250825_184105\.tmp.drivedownload,Empty directory
C:\_chunker\03_archive\03_Archive_20250825_185825\03_Archive_20250825_184316\03_Archive_20250825_184149\03_Archive_20250825_184105\.tmp.drivedownload_20250825_184105,Empty directory
C:\_chunker\03_archive\03_Archive_20250825_185825\03_Archive_20250825_184316\03_Archive_20250825_184149\03_Archive_20250825_184105\.tmp.driveupload,Empty directory
C:\_chunker\03_archive\03_Archive_20250825_185825\03_Archive_20250825_184316\03_Archive_20250825_184149\03_Archive_20250825_184105\.tmp.driveupload_20250825_183911,Empty directory
C:\_chunker\03_archive\03_Archive_20250825_185825\03_Archive_20250825_184316\03_Archive_20250825_184149\03_Archive_20250825_184105\.tmp.driveupload_20250825_184053,Empty directory
C:\_chunker\03_archive\03_Archive_20250825_185825\03_Archive_20250825_184316\03_Archive_20250825_184149\03_Archive_20250825_184105\02_Refrence,Empty directory
C:\_chunker\03_archive\03_Archive_20250825_185825\03_Archive_20250825_184316\03_Archive_20250825_184149\03_Archive_20250825_184105\02_Refrence_20250825_183911,Empty directory
C:\_chunker\03_archive\03_Archive_20250825_185825\03_Archive_20250825_184316\03_Archive_20250825_184149\03_Archive_20250825_184105\02_Refrence_20250825_184053,Empty directory
C:\_chunker\03_archive\03_Archive_20250825_185825\03_Archive_20250825_184316\03_Archive_20250825_184149\03_Archive_20250825_184105\02_Refrence_20250825_184105,Empty directory
C:\_chunker\03_archive\03_Archive_20250825_185825\03_Archive_20250825_184316\03_Archive_20250825_184149\03_Archive_20250825_184138\.tmp.drivedownload,Empty directory
C:\_chunker\03_archive\03_Archive_20250825_185825\03_Archive_20250825_184316\03_Archive_20250825_184149\03_Archive_20250825_184138\.tmp.drivedownload_20250825_184105,Empty directory
C:\_chunker\03_archive\03_Archive_20250825_185825\03_Archive_20250825_184316\03_Archive_20250825_184149\03_Archive_20250825_184138\.tmp.drivedownload_20250825_184138,Empty directory
C:\_chunker\03_archive\03_Archive_20250825_185825\03_Archive_20250825_184316\03_Archive_20250825_184149\03_Archive_20250825_184138\.tmp.driveupload,Empty directory
C:\_chunker\03_archive\03_Archive_20250825_185825\03_Archive_20250825_184316\03_Archive_20250825_184149\03_Archive_20250825_184138\.tmp.driveupload_20250825_183911,Empty directory
C:\_chunker\03_archive\03_Archive_20250825_185825\03_Archive_20250825_184316\03_Archive_20250825_184149\03_Archive_20250825_184138\.tmp.driveupload_20250825_184053,Empty directory
C:\_chunker\03_archive\03_Archive_20250825_185825\03_Archive_20250825_184316\03_Archive_20250825_184149\03_Archive_20250825_184138\.tmp.driveupload_20250825_184105,Empty directory
C:\_chunker\03_archive\03_Archive_20250825_185825\03_Archive_20250825_184316\03_Archive_20250825_184149\03_Archive_20250825_184138\.tmp.driveupload_20250825_184138,Empty directory
C:\_chunker\03_archive\03_Archive_20250825_185825\03_Archive_20250825_184316\03_Archive_20250825_184149\03_Archive_20250825_184138\02_Refrence,Empty directory
C:\_chunker\03_archive\03_Archive_20250825_185825\03_Archive_20250825_184316\03_Archive_20250825_184149\03_Archive_20250825_184138\02_Refrence_20250825_183911,Empty directory
C:\_chunker\03_archive\03_Archive_20250825_185825\03_Archive_20250825_184316\03_Archive_20250825_184149\03_Archive_20250825_184138\02_Refrence_20250825_184053,Empty directory
C:\_chunker\03_archive\03_Archive_20250825_185825\03_Archive_20250825_184316\03_Archive_20250825_184149\03_Archive_20250825_184138\02_Refrence_20250825_184105,Empty directory
C:\_chunker\03_archive\03_Archive_20250825_185825\03_Archive_20250825_184316\03_Archive_20250825_184149\03_Archive_20250825_184138\02_Refrence_20250825_184138,Empty directory
C:\_chunker\03_archive\03_Archive_20250825_185825\03_Archive_20250825_184316\03_Archive_20250825_184149\03_Archive_20250825_184138\nppBackup_20250825_184105,Empty directory
C:\_chunker\03_archive\03_Archive_20250825_185825\03_Archive_20250825_184316\03_Archive_20250825_184149\03_Archive_20250825_184138\03_Archive\.tmp.driveupload_20250825_183911,Empty directory
C:\_chunker\03_archive\03_Archive_20250825_185825\03_Archive_20250825_184316\03_Archive_20250825_184149\03_Archive_20250825_184138\03_Archive\.tmp.driveupload_20250825_184053,Empty directory
C:\_chunker\03_archive\03_Archive_20250825_185825\03_Archive_20250825_184316\03_Archive_20250825_184149\03_Archive_20250825_184138\03_Archive\02_Refrence,Empty directory
C:\_chunker\03_archive\03_Archive_20250825_185825\03_Archive_20250825_184316\03_Archive_20250825_184149\03_Archive_20250825_184138\03_Archive\02_Refrence_20250825_183911,Empty directory
C:\_chunker\03_archive\03_Archive_20250825_185825\03_Archive_20250825_184316\03_Archive_20250825_184149\03_Archive_20250825_184138\03_Archive\02_Refrence_20250825_184053,Empty directory
C:\_chunker\03_archive\03_Archive_20250825_185825\03_Archive_20250825_184316\03_Archive_20250825_184149\03_Archive_20250825_184138\03_Archive_20250825_184105\.tmp.drivedownload,Empty directory
C:\_chunker\03_archive\03_Archive_20250825_185825\03_Archive_20250825_184316\03_Archive_20250825_184149\03_Archive_20250825_184138\03_Archive_20250825_184105\.tmp.drivedownload_20250825_184105,Empty directory
C:\_chunker\03_archive\03_Archive_20250825_185825\03_Archive_20250825_184316\03_Archive_20250825_184149\03_Archive_20250825_184138\03_Archive_20250825_184105\.tmp.driveupload,Empty directory
C:\_chunker\03_archive\03_Archive_20250825_185825\03_Archive_20250825_184316\03_Archive_20250825_184149\03_Archive_20250825_184138\03_Archive_20250825_184105\.tmp.driveupload_20250825_183911,Empty directory
C:\_chunker\03_archive\03_Archive_20250825_185825\03_Archive_20250825_184316\03_Archive_20250825_184149\03_Archive_20250825_184138\03_Archive_20250825_184105\.tmp.driveupload_20250825_184053,Empty directory
C:\_chunker\03_archive\03_Archive_20250825_185825\03_Archive_20250825_184316\03_Archive_20250825_184149\03_Archive_20250825_184138\03_Archive_20250825_184105\02_Refrence,Empty directory
C:\_chunker\03_archive\03_Archive_20250825_185825\03_Archive_20250825_184316\03_Archive_20250825_184149\03_Archive_20250825_184138\03_Archive_20250825_184105\02_Refrence_20250825_183911,Empty directory
C:\_chunker\03_archive\03_Archive_20250825_185825\03_Archive_20250825_184316\03_Archive_20250825_184149\03_Archive_20250825_184138\03_Archive_20250825_184105\02_Refrence_20250825_184053,Empty directory
C:\_chunker\03_archive\03_Archive_20250825_185825\03_Archive_20250825_184316\03_Archive_20250825_184149\03_Archive_20250825_184138\03_Archive_20250825_184105\02_Refrence_20250825_184105,Empty directory
C:\_chunker\03_archive\03_Archive_20250825_185825\03_Archive_20250825_184316\03_Archive_20250825_184149\03_Archive_20250825_184138\03_Archive_20250825_184105\03_Archive\.tmp.driveupload_20250825_183911,Empty directory
C:\_chunker\03_archive\03_Archive_20250825_185825\03_Archive_20250825_184316\03_Archive_20250825_184149\03_Archive_20250825_184138\03_Archive_20250825_184105\03_Archive\.tmp.driveupload_20250825_184053,Empty directory
C:\_chunker\03_archive\03_Archive_20250825_185825\03_Archive_20250825_184316\03_Archive_20250825_184149\03_Archive_20250825_184138\03_Archive_20250825_184105\03_Archive\02_Refrence,Empty directory
C:\_chunker\03_archive\03_Archive_20250825_185825\03_Archive_20250825_184316\03_Archive_20250825_184149\03_Archive_20250825_184138\03_Archive_20250825_184105\03_Archive\02_Refrence_20250825_183911,Empty directory
C:\_chunker\03_archive\03_Archive_20250825_185825\03_Archive_20250825_184316\03_Archive_20250825_184149\03_Archive_20250825_184138\03_Archive_20250825_184105\03_Archive\02_Refrence_20250825_184053,Empty directory
C:\_chunker\03_archive\03_Archive_20250825_185825\03_Archive_20250825_184316\03_Archive_20250825_184149\03_Archive_20250825_184105\03_Archive\.tmp.driveupload_20250825_183911,Empty directory
C:\_chunker\03_archive\03_Archive_20250825_185825\03_Archive_20250825_184316\03_Archive_20250825_184149\03_Archive_20250825_184105\03_Archive\.tmp.driveupload_20250825_184053,Empty directory
C:\_chunker\03_archive\03_Archive_20250825_185825\03_Archive_20250825_184316\03_Archive_20250825_184149\03_Archive_20250825_184105\03_Archive\02_Refrence,Empty directory
C:\_chunker\03_archive\03_Archive_20250825_185825\03_Archive_20250825_184316\03_Archive_20250825_184149\03_Archive_20250825_184105\03_Archive\02_Refrence_20250825_183911,Empty directory
C:\_chunker\03_archive\03_Archive_20250825_185825\03_Archive_20250825_184316\03_Archive_20250825_184149\03_Archive_20250825_184105\03_Archive\02_Refrence_20250825_184053,Empty directory
C:\_chunker\03_archive\03_Archive_20250825_185825\03_Archive_20250825_184316\03_Archive_20250825_184138\03_Archive\.tmp.driveupload_20250825_183911,Empty directory
C:\_chunker\03_archive\03_Archive_20250825_185825\03_Archive_20250825_184316\03_Archive_20250825_184138\03_Archive\.tmp.driveupload_20250825_184053,Empty directory
C:\_chunker\03_archive\03_Archive_20250825_185825\03_Archive_20250825_184316\03_Archive_20250825_184138\03_Archive\02_Refrence,Empty directory
C:\_chunker\03_archive\03_Archive_20250825_185825\03_Archive_20250825_184316\03_Archive_20250825_184138\03_Archive\02_Refrence_20250825_183911,Empty directory
C:\_chunker\03_archive\03_Archive_20250825_185825\03_Archive_20250825_184316\03_Archive_20250825_184138\03_Archive\02_Refrence_20250825_184053,Empty directory
C:\_chunker\03_archive\03_Archive_20250825_185825\03_Archive_20250825_184316\03_Archive_20250825_184138\03_Archive_20250825_184105\.tmp.drivedownload,Empty directory
C:\_chunker\03_archive\03_Archive_20250825_185825\03_Archive_20250825_184316\03_Archive_20250825_184138\03_Archive_20250825_184105\.tmp.drivedownload_20250825_184105,Empty directory
C:\_chunker\03_archive\03_Archive_20250825_185825\03_Archive_20250825_184316\03_Archive_20250825_184138\03_Archive_20250825_184105\.tmp.driveupload,Empty directory
C:\_chunker\03_archive\03_Archive_20250825_185825\03_Archive_20250825_184316\03_Archive_20250825_184138\03_Archive_20250825_184105\.tmp.driveupload_20250825_183911,Empty directory
C:\_chunker\03_archive\03_Archive_20250825_185825\03_Archive_20250825_184316\03_Archive_20250825_184138\03_Archive_20250825_184105\.tmp.driveupload_20250825_184053,Empty directory
C:\_chunker\03_archive\03_Archive_20250825_185825\03_Archive_20250825_184316\03_Archive_20250825_184138\03_Archive_20250825_184105\02_Refrence,Empty directory
C:\_chunker\03_archive\03_Archive_20250825_185825\03_Archive_20250825_184316\03_Archive_20250825_184138\03_Archive_20250825_184105\02_Refrence_20250825_183911,Empty directory
C:\_chunker\03_archive\03_Archive_20250825_185825\03_Archive_20250825_184316\03_Archive_20250825_184138\03_Archive_20250825_184105\02_Refrence_20250825_184053,Empty directory
C:\_chunker\03_archive\03_Archive_20250825_185825\03_Archive_20250825_184316\03_Archive_20250825_184138\03_Archive_20250825_184105\02_Refrence_20250825_184105,Empty directory
C:\_chunker\03_archive\03_Archive_20250825_185825\03_Archive_20250825_184316\03_Archive_20250825_184138\03_Archive_20250825_184105\03_Archive\.tmp.driveupload_20250825_183911,Empty directory
C:\_chunker\03_archive\03_Archive_20250825_185825\03_Archive_20250825_184316\03_Archive_20250825_184138\03_Archive_20250825_184105\03_Archive\.tmp.driveupload_20250825_184053,Empty directory
C:\_chunker\03_archive\03_Archive_20250825_185825\03_Archive_20250825_184316\03_Archive_20250825_184138\03_Archive_20250825_184105\03_Archive\02_Refrence,Empty directory
C:\_chunker\03_archive\03_Archive_20250825_185825\03_Archive_20250825_184316\03_Archive_20250825_184138\03_Archive_20250825_184105\03_Archive\02_Refrence_20250825_183911,Empty directory
C:\_chunker\03_archive\03_Archive_20250825_185825\03_Archive_20250825_184316\03_Archive_20250825_184138\03_Archive_20250825_184105\03_Archive\02_Refrence_20250825_184053,Empty directory
C:\_chunker\03_archive\03_Archive_20250825_185825\03_Archive_20250825_184316\03_Archive_20250825_184105\03_Archive\.tmp.driveupload_20250825_183911,Empty directory
C:\_chunker\03_archive\03_Archive_20250825_185825\03_Archive_20250825_184316\03_Archive_20250825_184105\03_Archive\.tmp.driveupload_20250825_184053,Empty directory
C:\_chunker\03_archive\03_Archive_20250825_185825\03_Archive_20250825_184316\03_Archive_20250825_184105\03_Archive\02_Refrence,Empty directory
C:\_chunker\03_archive\03_Archive_20250825_185825\03_Archive_20250825_184316\03_Archive_20250825_184105\03_Archive\02_Refrence_20250825_183911,Empty directory
C:\_chunker\03_archive\03_Archive_20250825_185825\03_Archive_20250825_184316\03_Archive_20250825_184105\03_Archive\02_Refrence_20250825_184053,Empty directory
C:\_chunker\03_archive\03_Archive_20250825_185825\03_Archive_20250825_184149\03_Archive\.tmp.driveupload_20250825_183911,Empty directory
C:\_chunker\03_archive\03_Archive_20250825_185825\03_Archive_20250825_184149\03_Archive\.tmp.driveupload_20250825_184053,Empty directory
C:\_chunker\03_archive\03_Archive_20250825_185825\03_Archive_20250825_184149\03_Archive\02_Refrence,Empty directory
C:\_chunker\03_archive\03_Archive_20250825_185825\03_Archive_20250825_184149\03_Archive\02_Refrence_20250825_183911,Empty directory
C:\_chunker\03_archive\03_Archive_20250825_185825\03_Archive_20250825_184149\03_Archive\02_Refrence_20250825_184053,Empty directory
C:\_chunker\03_archive\03_Archive_20250825_185825\03_Archive_20250825_184149\03_Archive_20250825_184105\.tmp.drivedownload,Empty directory
C:\_chunker\03_archive\03_Archive_20250825_185825\03_Archive_20250825_184149\03_Archive_20250825_184105\.tmp.drivedownload_20250825_184105,Empty directory
C:\_chunker\03_archive\03_Archive_20250825_185825\03_Archive_20250825_184149\03_Archive_20250825_184105\.tmp.driveupload,Empty directory
C:\_chunker\03_archive\03_Archive_20250825_185825\03_Archive_20250825_184149\03_Archive_20250825_184105\.tmp.driveupload_20250825_183911,Empty directory
C:\_chunker\03_archive\03_Archive_20250825_185825\03_Archive_20250825_184149\03_Archive_20250825_184105\.tmp.driveupload_20250825_184053,Empty directory
C:\_chunker\03_archive\03_Archive_20250825_185825\03_Archive_20250825_184149\03_Archive_20250825_184105\02_Refrence,Empty directory
C:\_chunker\03_archive\03_Archive_20250825_185825\03_Archive_20250825_184149\03_Archive_20250825_184105\02_Refrence_20250825_183911,Empty directory
C:\_chunker\03_archive\03_Archive_20250825_185825\03_Archive_20250825_184149\03_Archive_20250825_184105\02_Refrence_20250825_184053,Empty directory
C:\_chunker\03_archive\03_Archive_20250825_185825\03_Archive_20250825_184149\03_Archive_20250825_184105\02_Refrence_20250825_184105,Empty directory
C:\_chunker\03_archive\03_Archive_20250825_185825\03_Archive_20250825_184149\03_Archive_20250825_184138\.tmp.drivedownload,Empty directory
C:\_chunker\03_archive\03_Archive_20250825_185825\03_Archive_20250825_184149\03_Archive_20250825_184138\.tmp.drivedownload_20250825_184105,Empty directory
C:\_chunker\03_archive\03_Archive_20250825_185825\03_Archive_20250825_184149\03_Archive_20250825_184138\.tmp.drivedownload_20250825_184138,Empty directory
C:\_chunker\03_archive\03_Archive_20250825_185825\03_Archive_20250825_184149\03_Archive_20250825_184138\.tmp.driveupload,Empty directory
C:\_chunker\03_archive\03_Archive_20250825_185825\03_Archive_20250825_184149\03_Archive_20250825_184138\.tmp.driveupload_20250825_183911,Empty directory
C:\_chunker\03_archive\03_Archive_20250825_185825\03_Archive_20250825_184149\03_Archive_20250825_184138\.tmp.driveupload_20250825_184053,Empty directory
C:\_chunker\03_archive\03_Archive_20250825_185825\03_Archive_20250825_184149\03_Archive_20250825_184138\.tmp.driveupload_20250825_184105,Empty directory
C:\_chunker\03_archive\03_Archive_20250825_185825\03_Archive_20250825_184149\03_Archive_20250825_184138\.tmp.driveupload_20250825_184138,Empty directory
C:\_chunker\03_archive\03_Archive_20250825_185825\03_Archive_20250825_184149\03_Archive_20250825_184138\02_Refrence,Empty directory
C:\_chunker\03_archive\03_Archive_20250825_185825\03_Archive_20250825_184149\03_Archive_20250825_184138\02_Refrence_20250825_183911,Empty directory
C:\_chunker\03_archive\03_Archive_20250825_185825\03_Archive_20250825_184149\03_Archive_20250825_184138\02_Refrence_20250825_184053,Empty directory
C:\_chunker\03_archive\03_Archive_20250825_185825\03_Archive_20250825_184149\03_Archive_20250825_184138\02_Refrence_20250825_184105,Empty directory
C:\_chunker\03_archive\03_Archive_20250825_185825\03_Archive_20250825_184149\03_Archive_20250825_184138\02_Refrence_20250825_184138,Empty directory
C:\_chunker\03_archive\03_Archive_20250825_185825\03_Archive_20250825_184149\03_Archive_20250825_184138\nppBackup_20250825_184105,Empty directory
C:\_chunker\03_archive\03_Archive_20250825_185825\03_Archive_20250825_184149\03_Archive_20250825_184138\03_Archive\.tmp.driveupload_20250825_183911,Empty directory
C:\_chunker\03_archive\03_Archive_20250825_185825\03_Archive_20250825_184149\03_Archive_20250825_184138\03_Archive\.tmp.driveupload_20250825_184053,Empty directory
C:\_chunker\03_archive\03_Archive_20250825_185825\03_Archive_20250825_184149\03_Archive_20250825_184138\03_Archive\02_Refrence,Empty directory
C:\_chunker\03_archive\03_Archive_20250825_185825\03_Archive_20250825_184149\03_Archive_20250825_184138\03_Archive\02_Refrence_20250825_183911,Empty directory
C:\_chunker\03_archive\03_Archive_20250825_185825\03_Archive_20250825_184149\03_Archive_20250825_184138\03_Archive\02_Refrence_20250825_184053,Empty directory
C:\_chunker\03_archive\03_Archive_20250825_185825\03_Archive_20250825_184149\03_Archive_20250825_184138\03_Archive_20250825_184105\.tmp.drivedownload,Empty directory
C:\_chunker\03_archive\03_Archive_20250825_185825\03_Archive_20250825_184149\03_Archive_20250825_184138\03_Archive_20250825_184105\.tmp.drivedownload_20250825_184105,Empty directory
C:\_chunker\03_archive\03_Archive_20250825_185825\03_Archive_20250825_184149\03_Archive_20250825_184138\03_Archive_20250825_184105\.tmp.driveupload,Empty directory
C:\_chunker\03_archive\03_Archive_20250825_185825\03_Archive_20250825_184149\03_Archive_20250825_184138\03_Archive_20250825_184105\.tmp.driveupload_20250825_183911,Empty directory
C:\_chunker\03_archive\03_Archive_20250825_185825\03_Archive_20250825_184149\03_Archive_20250825_184138\03_Archive_20250825_184105\.tmp.driveupload_20250825_184053,Empty directory
C:\_chunker\03_archive\03_Archive_20250825_185825\03_Archive_20250825_184149\03_Archive_20250825_184138\03_Archive_20250825_184105\02_Refrence,Empty directory
C:\_chunker\03_archive\03_Archive_20250825_185825\03_Archive_20250825_184149\03_Archive_20250825_184138\03_Archive_20250825_184105\02_Refrence_20250825_183911,Empty directory
C:\_chunker\03_archive\03_Archive_20250825_185825\03_Archive_20250825_184149\03_Archive_20250825_184138\03_Archive_20250825_184105\02_Refrence_20250825_184053,Empty directory
C:\_chunker\03_archive\03_Archive_20250825_185825\03_Archive_20250825_184149\03_Archive_20250825_184138\03_Archive_20250825_184105\02_Refrence_20250825_184105,Empty directory
C:\_chunker\03_archive\03_Archive_20250825_185825\03_Archive_20250825_184149\03_Archive_20250825_184138\03_Archive_20250825_184105\03_Archive\.tmp.driveupload_20250825_183911,Empty directory
C:\_chunker\03_archive\03_Archive_20250825_185825\03_Archive_20250825_184149\03_Archive_20250825_184138\03_Archive_20250825_184105\03_Archive\.tmp.driveupload_20250825_184053,Empty directory
C:\_chunker\03_archive\03_Archive_20250825_185825\03_Archive_20250825_184149\03_Archive_20250825_184138\03_Archive_20250825_184105\03_Archive\02_Refrence,Empty directory
C:\_chunker\03_archive\03_Archive_20250825_185825\03_Archive_20250825_184149\03_Archive_20250825_184138\03_Archive_20250825_184105\03_Archive\02_Refrence_20250825_183911,Empty directory
C:\_chunker\03_archive\03_Archive_20250825_185825\03_Archive_20250825_184149\03_Archive_20250825_184138\03_Archive_20250825_184105\03_Archive\02_Refrence_20250825_184053,Empty directory
C:\_chunker\03_archive\03_Archive_20250825_185825\03_Archive_20250825_184149\03_Archive_20250825_184105\03_Archive\.tmp.driveupload_20250825_183911,Empty directory
C:\_chunker\03_archive\03_Archive_20250825_185825\03_Archive_20250825_184149\03_Archive_20250825_184105\03_Archive\.tmp.driveupload_20250825_184053,Empty directory
C:\_chunker\03_archive\03_Archive_20250825_185825\03_Archive_20250825_184149\03_Archive_20250825_184105\03_Archive\02_Refrence,Empty directory
C:\_chunker\03_archive\03_Archive_20250825_185825\03_Archive_20250825_184149\03_Archive_20250825_184105\03_Archive\02_Refrence_20250825_183911,Empty directory
C:\_chunker\03_archive\03_Archive_20250825_185825\03_Archive_20250825_184149\03_Archive_20250825_184105\03_Archive\02_Refrence_20250825_184053,Empty directory
C:\_chunker\03_archive\03_Archive_20250825_185825\03_Archive_20250825_184138\03_Archive\.tmp.driveupload_20250825_183911,Empty directory
C:\_chunker\03_archive\03_Archive_20250825_185825\03_Archive_20250825_184138\03_Archive\.tmp.driveupload_20250825_184053,Empty directory
C:\_chunker\03_archive\03_Archive_20250825_185825\03_Archive_20250825_184138\03_Archive\02_Refrence,Empty directory
C:\_chunker\03_archive\03_Archive_20250825_185825\03_Archive_20250825_184138\03_Archive\02_Refrence_20250825_183911,Empty directory
C:\_chunker\03_archive\03_Archive_20250825_185825\03_Archive_20250825_184138\03_Archive\02_Refrence_20250825_184053,Empty directory
C:\_chunker\03_archive\03_Archive_20250825_185825\03_Archive_20250825_184138\03_Archive_20250825_184105\.tmp.drivedownload,Empty directory
C:\_chunker\03_archive\03_Archive_20250825_185825\03_Archive_20250825_184138\03_Archive_20250825_184105\.tmp.drivedownload_20250825_184105,Empty directory
C:\_chunker\03_archive\03_Archive_20250825_185825\03_Archive_20250825_184138\03_Archive_20250825_184105\.tmp.driveupload,Empty directory
C:\_chunker\03_archive\03_Archive_20250825_185825\03_Archive_20250825_184138\03_Archive_20250825_184105\.tmp.driveupload_20250825_183911,Empty directory
C:\_chunker\03_archive\03_Archive_20250825_185825\03_Archive_20250825_184138\03_Archive_20250825_184105\.tmp.driveupload_20250825_184053,Empty directory
C:\_chunker\03_archive\03_Archive_20250825_185825\03_Archive_20250825_184138\03_Archive_20250825_184105\02_Refrence,Empty directory
C:\_chunker\03_archive\03_Archive_20250825_185825\03_Archive_20250825_184138\03_Archive_20250825_184105\02_Refrence_20250825_183911,Empty directory
C:\_chunker\03_archive\03_Archive_20250825_185825\03_Archive_20250825_184138\03_Archive_20250825_184105\02_Refrence_20250825_184053,Empty directory
C:\_chunker\03_archive\03_Archive_20250825_185825\03_Archive_20250825_184138\03_Archive_20250825_184105\02_Refrence_20250825_184105,Empty directory
C:\_chunker\03_archive\03_Archive_20250825_185825\03_Archive_20250825_184138\03_Archive_20250825_184105\03_Archive\.tmp.driveupload_20250825_183911,Empty directory
C:\_chunker\03_archive\03_Archive_20250825_185825\03_Archive_20250825_184138\03_Archive_20250825_184105\03_Archive\.tmp.driveupload_20250825_184053,Empty directory
C:\_chunker\03_archive\03_Archive_20250825_185825\03_Archive_20250825_184138\03_Archive_20250825_184105\03_Archive\02_Refrence,Empty directory
C:\_chunker\03_archive\03_Archive_20250825_185825\03_Archive_20250825_184138\03_Archive_20250825_184105\03_Archive\02_Refrence_20250825_183911,Empty directory
C:\_chunker\03_archive\03_Archive_20250825_185825\03_Archive_20250825_184138\03_Archive_20250825_184105\03_Archive\02_Refrence_20250825_184053,Empty directory
C:\_chunker\03_archive\03_Archive_20250825_185825\03_Archive_20250825_184105\03_Archive\.tmp.driveupload_20250825_183911,Empty directory
C:\_chunker\03_archive\03_Archive_20250825_185825\03_Archive_20250825_184105\03_Archive\.tmp.driveupload_20250825_184053,Empty directory
C:\_chunker\03_archive\03_Archive_20250825_185825\03_Archive_20250825_184105\03_Archive\02_Refrence,Empty directory
C:\_chunker\03_archive\03_Archive_20250825_185825\03_Archive_20250825_184105\03_Archive\02_Refrence_20250825_183911,Empty directory
C:\_chunker\03_archive\03_Archive_20250825_185825\03_Archive_20250825_184105\03_Archive\02_Refrence_20250825_184053,Empty directory
C:\_chunker\03_archive\03_Archive_20250825_184316\03_Archive\.tmp.driveupload_20250825_183911,Empty directory
C:\_chunker\03_archive\03_Archive_20250825_184316\03_Archive\.tmp.driveupload_20250825_184053,Empty directory
C:\_chunker\03_archive\03_Archive_20250825_184316\03_Archive\02_Refrence,Empty directory
C:\_chunker\03_archive\03_Archive_20250825_184316\03_Archive\02_Refrence_20250825_183911,Empty directory
C:\_chunker\03_archive\03_Archive_20250825_184316\03_Archive\02_Refrence_20250825_184053,Empty directory
C:\_chunker\03_archive\03_Archive_20250825_184316\03_Archive_20250825_184105\.tmp.drivedownload,Empty directory
C:\_chunker\03_archive\03_Archive_20250825_184316\03_Archive_20250825_184105\.tmp.drivedownload_20250825_184105,Empty directory
C:\_chunker\03_archive\03_Archive_20250825_184316\03_Archive_20250825_184105\.tmp.driveupload,Empty directory
C:\_chunker\03_archive\03_Archive_20250825_184316\03_Archive_20250825_184105\.tmp.driveupload_20250825_183911,Empty directory
C:\_chunker\03_archive\03_Archive_20250825_184316\03_Archive_20250825_184105\.tmp.driveupload_20250825_184053,Empty directory
C:\_chunker\03_archive\03_Archive_20250825_184316\03_Archive_20250825_184105\02_Refrence,Empty directory
C:\_chunker\03_archive\03_Archive_20250825_184316\03_Archive_20250825_184105\02_Refrence_20250825_183911,Empty directory
C:\_chunker\03_archive\03_Archive_20250825_184316\03_Archive_20250825_184105\02_Refrence_20250825_184053,Empty directory
C:\_chunker\03_archive\03_Archive_20250825_184316\03_Archive_20250825_184105\02_Refrence_20250825_184105,Empty directory
C:\_chunker\03_archive\03_Archive_20250825_184316\03_Archive_20250825_184138\.tmp.drivedownload,Empty directory
C:\_chunker\03_archive\03_Archive_20250825_184316\03_Archive_20250825_184138\.tmp.drivedownload_20250825_184105,Empty directory
C:\_chunker\03_archive\03_Archive_20250825_184316\03_Archive_20250825_184138\.tmp.drivedownload_20250825_184138,Empty directory
C:\_chunker\03_archive\03_Archive_20250825_184316\03_Archive_20250825_184138\.tmp.driveupload,Empty directory
C:\_chunker\03_archive\03_Archive_20250825_184316\03_Archive_20250825_184138\.tmp.driveupload_20250825_183911,Empty directory
C:\_chunker\03_archive\03_Archive_20250825_184316\03_Archive_20250825_184138\.tmp.driveupload_20250825_184053,Empty directory
C:\_chunker\03_archive\03_Archive_20250825_184316\03_Archive_20250825_184138\.tmp.driveupload_20250825_184105,Empty directory
C:\_chunker\03_archive\03_Archive_20250825_184316\03_Archive_20250825_184138\.tmp.driveupload_20250825_184138,Empty directory
C:\_chunker\03_archive\03_Archive_20250825_184316\03_Archive_20250825_184138\02_Refrence,Empty directory
C:\_chunker\03_archive\03_Archive_20250825_184316\03_Archive_20250825_184138\02_Refrence_20250825_183911,Empty directory
C:\_chunker\03_archive\03_Archive_20250825_184316\03_Archive_20250825_184138\02_Refrence_20250825_184053,Empty directory
C:\_chunker\03_archive\03_Archive_20250825_184316\03_Archive_20250825_184138\02_Refrence_20250825_184105,Empty directory
C:\_chunker\03_archive\03_Archive_20250825_184316\03_Archive_20250825_184138\02_Refrence_20250825_184138,Empty directory
C:\_chunker\03_archive\03_Archive_20250825_184316\03_Archive_20250825_184138\nppBackup_20250825_184105,Empty directory
C:\_chunker\03_archive\03_Archive_20250825_184316\03_Archive_20250825_184149\.tmp.drivedownload,Empty directory
C:\_chunker\03_archive\03_Archive_20250825_184316\03_Archive_20250825_184149\.tmp.drivedownload_20250825_184105,Empty directory
C:\_chunker\03_archive\03_Archive_20250825_184316\03_Archive_20250825_184149\.tmp.drivedownload_20250825_184138,Empty directory
C:\_chunker\03_archive\03_Archive_20250825_184316\03_Archive_20250825_184149\.tmp.driveupload,Empty directory
C:\_chunker\03_archive\03_Archive_20250825_184316\03_Archive_20250825_184149\.tmp.driveupload_20250825_183911,Empty directory
C:\_chunker\03_archive\03_Archive_20250825_184316\03_Archive_20250825_184149\.tmp.driveupload_20250825_184053,Empty directory
C:\_chunker\03_archive\03_Archive_20250825_184316\03_Archive_20250825_184149\.tmp.driveupload_20250825_184105,Empty directory
C:\_chunker\03_archive\03_Archive_20250825_184316\03_Archive_20250825_184149\.tmp.driveupload_20250825_184138,Empty directory
C:\_chunker\03_archive\03_Archive_20250825_184316\03_Archive_20250825_184149\02_Refrence,Empty directory
C:\_chunker\03_archive\03_Archive_20250825_184316\03_Archive_20250825_184149\02_Refrence_20250825_183911,Empty directory
C:\_chunker\03_archive\03_Archive_20250825_184316\03_Archive_20250825_184149\02_Refrence_20250825_184053,Empty directory
C:\_chunker\03_archive\03_Archive_20250825_184316\03_Archive_20250825_184149\02_Refrence_20250825_184105,Empty directory
C:\_chunker\03_archive\03_Archive_20250825_184316\03_Archive_20250825_184149\02_Refrence_20250825_184138,Empty directory
C:\_chunker\03_archive\03_Archive_20250825_184316\03_Archive_20250825_184149\02_Refrence_20250825_184149,Empty directory
C:\_chunker\03_archive\03_Archive_20250825_184316\03_Archive_20250825_184149\nppBackup_20250825_184105,Empty directory
C:\_chunker\03_archive\03_Archive_20250825_184316\03_Archive_20250825_184149\nppBackup_20250825_184139,Empty directory
C:\_chunker\03_archive\03_Archive_20250825_184316\03_Archive_20250825_184149\03_Archive\.tmp.driveupload_20250825_183911,Empty directory
C:\_chunker\03_archive\03_Archive_20250825_184316\03_Archive_20250825_184149\03_Archive\.tmp.driveupload_20250825_184053,Empty directory
C:\_chunker\03_archive\03_Archive_20250825_184316\03_Archive_20250825_184149\03_Archive\02_Refrence,Empty directory
C:\_chunker\03_archive\03_Archive_20250825_184316\03_Archive_20250825_184149\03_Archive\02_Refrence_20250825_183911,Empty directory
C:\_chunker\03_archive\03_Archive_20250825_184316\03_Archive_20250825_184149\03_Archive\02_Refrence_20250825_184053,Empty directory
C:\_chunker\03_archive\03_Archive_20250825_184316\03_Archive_20250825_184149\03_Archive_20250825_184105\.tmp.drivedownload,Empty directory
C:\_chunker\03_archive\03_Archive_20250825_184316\03_Archive_20250825_184149\03_Archive_20250825_184105\.tmp.drivedownload_20250825_184105,Empty directory
C:\_chunker\03_archive\03_Archive_20250825_184316\03_Archive_20250825_184149\03_Archive_20250825_184105\.tmp.driveupload,Empty directory
C:\_chunker\03_archive\03_Archive_20250825_184316\03_Archive_20250825_184149\03_Archive_20250825_184105\.tmp.driveupload_20250825_183911,Empty directory
C:\_chunker\03_archive\03_Archive_20250825_184316\03_Archive_20250825_184149\03_Archive_20250825_184105\.tmp.driveupload_20250825_184053,Empty directory
C:\_chunker\03_archive\03_Archive_20250825_184316\03_Archive_20250825_184149\03_Archive_20250825_184105\02_Refrence,Empty directory
C:\_chunker\03_archive\03_Archive_20250825_184316\03_Archive_20250825_184149\03_Archive_20250825_184105\02_Refrence_20250825_183911,Empty directory
C:\_chunker\03_archive\03_Archive_20250825_184316\03_Archive_20250825_184149\03_Archive_20250825_184105\02_Refrence_20250825_184053,Empty directory
C:\_chunker\03_archive\03_Archive_20250825_184316\03_Archive_20250825_184149\03_Archive_20250825_184105\02_Refrence_20250825_184105,Empty directory
C:\_chunker\03_archive\03_Archive_20250825_184316\03_Archive_20250825_184149\03_Archive_20250825_184138\.tmp.drivedownload,Empty directory
C:\_chunker\03_archive\03_Archive_20250825_184316\03_Archive_20250825_184149\03_Archive_20250825_184138\.tmp.drivedownload_20250825_184105,Empty directory
C:\_chunker\03_archive\03_Archive_20250825_184316\03_Archive_20250825_184149\03_Archive_20250825_184138\.tmp.drivedownload_20250825_184138,Empty directory
C:\_chunker\03_archive\03_Archive_20250825_184316\03_Archive_20250825_184149\03_Archive_20250825_184138\.tmp.driveupload,Empty directory
C:\_chunker\03_archive\03_Archive_20250825_184316\03_Archive_20250825_184149\03_Archive_20250825_184138\.tmp.driveupload_20250825_183911,Empty directory
C:\_chunker\03_archive\03_Archive_20250825_184316\03_Archive_20250825_184149\03_Archive_20250825_184138\.tmp.driveupload_20250825_184053,Empty directory
C:\_chunker\03_archive\03_Archive_20250825_184316\03_Archive_20250825_184149\03_Archive_20250825_184138\.tmp.driveupload_20250825_184105,Empty directory
C:\_chunker\03_archive\03_Archive_20250825_184316\03_Archive_20250825_184149\03_Archive_20250825_184138\.tmp.driveupload_20250825_184138,Empty directory
C:\_chunker\03_archive\03_Archive_20250825_184316\03_Archive_20250825_184149\03_Archive_20250825_184138\02_Refrence,Empty directory
C:\_chunker\03_archive\03_Archive_20250825_184316\03_Archive_20250825_184149\03_Archive_20250825_184138\02_Refrence_20250825_183911,Empty directory
C:\_chunker\03_archive\03_Archive_20250825_184316\03_Archive_20250825_184149\03_Archive_20250825_184138\02_Refrence_20250825_184053,Empty directory
C:\_chunker\03_archive\03_Archive_20250825_184316\03_Archive_20250825_184149\03_Archive_20250825_184138\02_Refrence_20250825_184105,Empty directory
C:\_chunker\03_archive\03_Archive_20250825_184316\03_Archive_20250825_184149\03_Archive_20250825_184138\02_Refrence_20250825_184138,Empty directory
C:\_chunker\03_archive\03_Archive_20250825_184316\03_Archive_20250825_184149\03_Archive_20250825_184138\nppBackup_20250825_184105,Empty directory
C:\_chunker\03_archive\03_Archive_20250825_184316\03_Archive_20250825_184149\03_Archive_20250825_184138\03_Archive\.tmp.driveupload_20250825_183911,Empty directory
C:\_chunker\03_archive\03_Archive_20250825_184316\03_Archive_20250825_184149\03_Archive_20250825_184138\03_Archive\.tmp.driveupload_20250825_184053,Empty directory
C:\_chunker\03_archive\03_Archive_20250825_184316\03_Archive_20250825_184149\03_Archive_20250825_184138\03_Archive\02_Refrence,Empty directory
C:\_chunker\03_archive\03_Archive_20250825_184316\03_Archive_20250825_184149\03_Archive_20250825_184138\03_Archive\02_Refrence_20250825_183911,Empty directory
C:\_chunker\03_archive\03_Archive_20250825_184316\03_Archive_20250825_184149\03_Archive_20250825_184138\03_Archive\02_Refrence_20250825_184053,Empty directory
C:\_chunker\03_archive\03_Archive_20250825_184316\03_Archive_20250825_184149\03_Archive_20250825_184138\03_Archive_20250825_184105\.tmp.drivedownload,Empty directory
C:\_chunker\03_archive\03_Archive_20250825_184316\03_Archive_20250825_184149\03_Archive_20250825_184138\03_Archive_20250825_184105\.tmp.drivedownload_20250825_184105,Empty directory
C:\_chunker\03_archive\03_Archive_20250825_184316\03_Archive_20250825_184149\03_Archive_20250825_184138\03_Archive_20250825_184105\.tmp.driveupload,Empty directory
C:\_chunker\03_archive\03_Archive_20250825_184316\03_Archive_20250825_184149\03_Archive_20250825_184138\03_Archive_20250825_184105\.tmp.driveupload_20250825_183911,Empty directory
C:\_chunker\03_archive\03_Archive_20250825_184316\03_Archive_20250825_184149\03_Archive_20250825_184138\03_Archive_20250825_184105\.tmp.driveupload_20250825_184053,Empty directory
C:\_chunker\03_archive\03_Archive_20250825_184316\03_Archive_20250825_184149\03_Archive_20250825_184138\03_Archive_20250825_184105\02_Refrence,Empty directory
C:\_chunker\03_archive\03_Archive_20250825_184316\03_Archive_20250825_184149\03_Archive_20250825_184138\03_Archive_20250825_184105\02_Refrence_20250825_183911,Empty directory
C:\_chunker\03_archive\03_Archive_20250825_184316\03_Archive_20250825_184149\03_Archive_20250825_184138\03_Archive_20250825_184105\02_Refrence_20250825_184053,Empty directory
C:\_chunker\03_archive\03_Archive_20250825_184316\03_Archive_20250825_184149\03_Archive_20250825_184138\03_Archive_20250825_184105\02_Refrence_20250825_184105,Empty directory
C:\_chunker\03_archive\03_Archive_20250825_184316\03_Archive_20250825_184149\03_Archive_20250825_184138\03_Archive_20250825_184105\03_Archive\.tmp.driveupload_20250825_183911,Empty directory
C:\_chunker\03_archive\03_Archive_20250825_184316\03_Archive_20250825_184149\03_Archive_20250825_184138\03_Archive_20250825_184105\03_Archive\.tmp.driveupload_20250825_184053,Empty directory
C:\_chunker\03_archive\03_Archive_20250825_184316\03_Archive_20250825_184149\03_Archive_20250825_184138\03_Archive_20250825_184105\03_Archive\02_Refrence,Empty directory
C:\_chunker\03_archive\03_Archive_20250825_184316\03_Archive_20250825_184149\03_Archive_20250825_184138\03_Archive_20250825_184105\03_Archive\02_Refrence_20250825_183911,Empty directory
C:\_chunker\03_archive\03_Archive_20250825_184316\03_Archive_20250825_184149\03_Archive_20250825_184138\03_Archive_20250825_184105\03_Archive\02_Refrence_20250825_184053,Empty directory
C:\_chunker\03_archive\03_Archive_20250825_184316\03_Archive_20250825_184149\03_Archive_20250825_184105\03_Archive\.tmp.driveupload_20250825_183911,Empty directory
C:\_chunker\03_archive\03_Archive_20250825_184316\03_Archive_20250825_184149\03_Archive_20250825_184105\03_Archive\.tmp.driveupload_20250825_184053,Empty directory
C:\_chunker\03_archive\03_Archive_20250825_184316\03_Archive_20250825_184149\03_Archive_20250825_184105\03_Archive\02_Refrence,Empty directory
C:\_chunker\03_archive\03_Archive_20250825_184316\03_Archive_20250825_184149\03_Archive_20250825_184105\03_Archive\02_Refrence_20250825_183911,Empty directory
C:\_chunker\03_archive\03_Archive_20250825_184316\03_Archive_20250825_184149\03_Archive_20250825_184105\03_Archive\02_Refrence_20250825_184053,Empty directory
C:\_chunker\03_archive\03_Archive_20250825_184316\03_Archive_20250825_184138\03_Archive\.tmp.driveupload_20250825_183911,Empty directory
C:\_chunker\03_archive\03_Archive_20250825_184316\03_Archive_20250825_184138\03_Archive\.tmp.driveupload_20250825_184053,Empty directory
C:\_chunker\03_archive\03_Archive_20250825_184316\03_Archive_20250825_184138\03_Archive\02_Refrence,Empty directory
C:\_chunker\03_archive\03_Archive_20250825_184316\03_Archive_20250825_184138\03_Archive\02_Refrence_20250825_183911,Empty directory
C:\_chunker\03_archive\03_Archive_20250825_184316\03_Archive_20250825_184138\03_Archive\02_Refrence_20250825_184053,Empty directory
C:\_chunker\03_archive\03_Archive_20250825_184316\03_Archive_20250825_184138\03_Archive_20250825_184105\.tmp.drivedownload,Empty directory
C:\_chunker\03_archive\03_Archive_20250825_184316\03_Archive_20250825_184138\03_Archive_20250825_184105\.tmp.drivedownload_20250825_184105,Empty directory
C:\_chunker\03_archive\03_Archive_20250825_184316\03_Archive_20250825_184138\03_Archive_20250825_184105\.tmp.driveupload,Empty directory
C:\_chunker\03_archive\03_Archive_20250825_184316\03_Archive_20250825_184138\03_Archive_20250825_184105\.tmp.driveupload_20250825_183911,Empty directory
C:\_chunker\03_archive\03_Archive_20250825_184316\03_Archive_20250825_184138\03_Archive_20250825_184105\.tmp.driveupload_20250825_184053,Empty directory
C:\_chunker\03_archive\03_Archive_20250825_184316\03_Archive_20250825_184138\03_Archive_20250825_184105\02_Refrence,Empty directory
C:\_chunker\03_archive\03_Archive_20250825_184316\03_Archive_20250825_184138\03_Archive_20250825_184105\02_Refrence_20250825_183911,Empty directory
C:\_chunker\03_archive\03_Archive_20250825_184316\03_Archive_20250825_184138\03_Archive_20250825_184105\02_Refrence_20250825_184053,Empty directory
C:\_chunker\03_archive\03_Archive_20250825_184316\03_Archive_20250825_184138\03_Archive_20250825_184105\02_Refrence_20250825_184105,Empty directory
C:\_chunker\03_archive\03_Archive_20250825_184316\03_Archive_20250825_184138\03_Archive_20250825_184105\03_Archive\.tmp.driveupload_20250825_183911,Empty directory
C:\_chunker\03_archive\03_Archive_20250825_184316\03_Archive_20250825_184138\03_Archive_20250825_184105\03_Archive\.tmp.driveupload_20250825_184053,Empty directory
C:\_chunker\03_archive\03_Archive_20250825_184316\03_Archive_20250825_184138\03_Archive_20250825_184105\03_Archive\02_Refrence,Empty directory
C:\_chunker\03_archive\03_Archive_20250825_184316\03_Archive_20250825_184138\03_Archive_20250825_184105\03_Archive\02_Refrence_20250825_183911,Empty directory
C:\_chunker\03_archive\03_Archive_20250825_184316\03_Archive_20250825_184138\03_Archive_20250825_184105\03_Archive\02_Refrence_20250825_184053,Empty directory
C:\_chunker\03_archive\03_Archive_20250825_184316\03_Archive_20250825_184105\03_Archive\.tmp.driveupload_20250825_183911,Empty directory
C:\_chunker\03_archive\03_Archive_20250825_184316\03_Archive_20250825_184105\03_Archive\.tmp.driveupload_20250825_184053,Empty directory
C:\_chunker\03_archive\03_Archive_20250825_184316\03_Archive_20250825_184105\03_Archive\02_Refrence,Empty directory
C:\_chunker\03_archive\03_Archive_20250825_184316\03_Archive_20250825_184105\03_Archive\02_Refrence_20250825_183911,Empty directory
C:\_chunker\03_archive\03_Archive_20250825_184316\03_Archive_20250825_184105\03_Archive\02_Refrence_20250825_184053,Empty directory
C:\_chunker\03_archive\03_Archive_20250825_184149\03_Archive\.tmp.driveupload_20250825_183911,Empty directory
C:\_chunker\03_archive\03_Archive_20250825_184149\03_Archive\.tmp.driveupload_20250825_184053,Empty directory
C:\_chunker\03_archive\03_Archive_20250825_184149\03_Archive\02_Refrence,Empty directory
C:\_chunker\03_archive\03_Archive_20250825_184149\03_Archive\02_Refrence_20250825_183911,Empty directory
C:\_chunker\03_archive\03_Archive_20250825_184149\03_Archive\02_Refrence_20250825_184053,Empty directory
C:\_chunker\03_archive\03_Archive_20250825_184149\03_Archive_20250825_184105\.tmp.drivedownload,Empty directory
C:\_chunker\03_archive\03_Archive_20250825_184149\03_Archive_20250825_184105\.tmp.drivedownload_20250825_184105,Empty directory
C:\_chunker\03_archive\03_Archive_20250825_184149\03_Archive_20250825_184105\.tmp.driveupload,Empty directory
C:\_chunker\03_archive\03_Archive_20250825_184149\03_Archive_20250825_184105\.tmp.driveupload_20250825_183911,Empty directory
C:\_chunker\03_archive\03_Archive_20250825_184149\03_Archive_20250825_184105\.tmp.driveupload_20250825_184053,Empty directory
C:\_chunker\03_archive\03_Archive_20250825_184149\03_Archive_20250825_184105\02_Refrence,Empty directory
C:\_chunker\03_archive\03_Archive_20250825_184149\03_Archive_20250825_184105\02_Refrence_20250825_183911,Empty directory
C:\_chunker\03_archive\03_Archive_20250825_184149\03_Archive_20250825_184105\02_Refrence_20250825_184053,Empty directory
C:\_chunker\03_archive\03_Archive_20250825_184149\03_Archive_20250825_184105\02_Refrence_20250825_184105,Empty directory
C:\_chunker\03_archive\03_Archive_20250825_184149\03_Archive_20250825_184138\.tmp.drivedownload,Empty directory
C:\_chunker\03_archive\03_Archive_20250825_184149\03_Archive_20250825_184138\.tmp.drivedownload_20250825_184105,Empty directory
C:\_chunker\03_archive\03_Archive_20250825_184149\03_Archive_20250825_184138\.tmp.drivedownload_20250825_184138,Empty directory
C:\_chunker\03_archive\03_Archive_20250825_184149\03_Archive_20250825_184138\.tmp.driveupload,Empty directory
C:\_chunker\03_archive\03_Archive_20250825_184149\03_Archive_20250825_184138\.tmp.driveupload_20250825_183911,Empty directory
C:\_chunker\03_archive\03_Archive_20250825_184149\03_Archive_20250825_184138\.tmp.driveupload_20250825_184053,Empty directory
C:\_chunker\03_archive\03_Archive_20250825_184149\03_Archive_20250825_184138\.tmp.driveupload_20250825_184105,Empty directory
C:\_chunker\03_archive\03_Archive_20250825_184149\03_Archive_20250825_184138\.tmp.driveupload_20250825_184138,Empty directory
C:\_chunker\03_archive\03_Archive_20250825_184149\03_Archive_20250825_184138\02_Refrence,Empty directory
C:\_chunker\03_archive\03_Archive_20250825_184149\03_Archive_20250825_184138\02_Refrence_20250825_183911,Empty directory
C:\_chunker\03_archive\03_Archive_20250825_184149\03_Archive_20250825_184138\02_Refrence_20250825_184053,Empty directory
C:\_chunker\03_archive\03_Archive_20250825_184149\03_Archive_20250825_184138\02_Refrence_20250825_184105,Empty directory
C:\_chunker\03_archive\03_Archive_20250825_184149\03_Archive_20250825_184138\02_Refrence_20250825_184138,Empty directory
C:\_chunker\03_archive\03_Archive_20250825_184149\03_Archive_20250825_184138\nppBackup_20250825_184105,Empty directory
C:\_chunker\03_archive\03_Archive_20250825_184149\03_Archive_20250825_184138\03_Archive\.tmp.driveupload_20250825_183911,Empty directory
C:\_chunker\03_archive\03_Archive_20250825_184149\03_Archive_20250825_184138\03_Archive\.tmp.driveupload_20250825_184053,Empty directory
C:\_chunker\03_archive\03_Archive_20250825_184149\03_Archive_20250825_184138\03_Archive\02_Refrence,Empty directory
C:\_chunker\03_archive\03_Archive_20250825_184149\03_Archive_20250825_184138\03_Archive\02_Refrence_20250825_183911,Empty directory
C:\_chunker\03_archive\03_Archive_20250825_184149\03_Archive_20250825_184138\03_Archive\02_Refrence_20250825_184053,Empty directory
C:\_chunker\03_archive\03_Archive_20250825_184149\03_Archive_20250825_184138\03_Archive_20250825_184105\.tmp.drivedownload,Empty directory
C:\_chunker\03_archive\03_Archive_20250825_184149\03_Archive_20250825_184138\03_Archive_20250825_184105\.tmp.drivedownload_20250825_184105,Empty directory
C:\_chunker\03_archive\03_Archive_20250825_184149\03_Archive_20250825_184138\03_Archive_20250825_184105\.tmp.driveupload,Empty directory
C:\_chunker\03_archive\03_Archive_20250825_184149\03_Archive_20250825_184138\03_Archive_20250825_184105\.tmp.driveupload_20250825_183911,Empty directory
C:\_chunker\03_archive\03_Archive_20250825_184149\03_Archive_20250825_184138\03_Archive_20250825_184105\.tmp.driveupload_20250825_184053,Empty directory
C:\_chunker\03_archive\03_Archive_20250825_184149\03_Archive_20250825_184138\03_Archive_20250825_184105\02_Refrence,Empty directory
C:\_chunker\03_archive\03_Archive_20250825_184149\03_Archive_20250825_184138\03_Archive_20250825_184105\02_Refrence_20250825_183911,Empty directory
C:\_chunker\03_archive\03_Archive_20250825_184149\03_Archive_20250825_184138\03_Archive_20250825_184105\02_Refrence_20250825_184053,Empty directory
C:\_chunker\03_archive\03_Archive_20250825_184149\03_Archive_20250825_184138\03_Archive_20250825_184105\02_Refrence_20250825_184105,Empty directory
C:\_chunker\03_archive\03_Archive_20250825_184149\03_Archive_20250825_184138\03_Archive_20250825_184105\03_Archive\.tmp.driveupload_20250825_183911,Empty directory
C:\_chunker\03_archive\03_Archive_20250825_184149\03_Archive_20250825_184138\03_Archive_20250825_184105\03_Archive\.tmp.driveupload_20250825_184053,Empty directory
C:\_chunker\03_archive\03_Archive_20250825_184149\03_Archive_20250825_184138\03_Archive_20250825_184105\03_Archive\02_Refrence,Empty directory
C:\_chunker\03_archive\03_Archive_20250825_184149\03_Archive_20250825_184138\03_Archive_20250825_184105\03_Archive\02_Refrence_20250825_183911,Empty directory
C:\_chunker\03_archive\03_Archive_20250825_184149\03_Archive_20250825_184138\03_Archive_20250825_184105\03_Archive\02_Refrence_20250825_184053,Empty directory
C:\_chunker\03_archive\03_Archive_20250825_184149\03_Archive_20250825_184105\03_Archive\.tmp.driveupload_20250825_183911,Empty directory
C:\_chunker\03_archive\03_Archive_20250825_184149\03_Archive_20250825_184105\03_Archive\.tmp.driveupload_20250825_184053,Empty directory
C:\_chunker\03_archive\03_Archive_20250825_184149\03_Archive_20250825_184105\03_Archive\02_Refrence,Empty directory
C:\_chunker\03_archive\03_Archive_20250825_184149\03_Archive_20250825_184105\03_Archive\02_Refrence_20250825_183911,Empty directory
C:\_chunker\03_archive\03_Archive_20250825_184149\03_Archive_20250825_184105\03_Archive\02_Refrence_20250825_184053,Empty directory
C:\_chunker\03_archive\03_Archive_20250825_184138\03_Archive\.tmp.driveupload_20250825_183911,Empty directory
C:\_chunker\03_archive\03_Archive_20250825_184138\03_Archive\.tmp.driveupload_20250825_184053,Empty directory
C:\_chunker\03_archive\03_Archive_20250825_184138\03_Archive\02_Refrence,Empty directory
C:\_chunker\03_archive\03_Archive_20250825_184138\03_Archive\02_Refrence_20250825_183911,Empty directory
C:\_chunker\03_archive\03_Archive_20250825_184138\03_Archive\02_Refrence_20250825_184053,Empty directory
C:\_chunker\03_archive\03_Archive_20250825_184138\03_Archive_20250825_184105\.tmp.drivedownload,Empty directory
C:\_chunker\03_archive\03_Archive_20250825_184138\03_Archive_20250825_184105\.tmp.drivedownload_20250825_184105,Empty directory
C:\_chunker\03_archive\03_Archive_20250825_184138\03_Archive_20250825_184105\.tmp.driveupload,Empty directory
C:\_chunker\03_archive\03_Archive_20250825_184138\03_Archive_20250825_184105\.tmp.driveupload_20250825_183911,Empty directory
C:\_chunker\03_archive\03_Archive_20250825_184138\03_Archive_20250825_184105\.tmp.driveupload_20250825_184053,Empty directory
C:\_chunker\03_archive\03_Archive_20250825_184138\03_Archive_20250825_184105\02_Refrence,Empty directory
C:\_chunker\03_archive\03_Archive_20250825_184138\03_Archive_20250825_184105\02_Refrence_20250825_183911,Empty directory
C:\_chunker\03_archive\03_Archive_20250825_184138\03_Archive_20250825_184105\02_Refrence_20250825_184053,Empty directory
C:\_chunker\03_archive\03_Archive_20250825_184138\03_Archive_20250825_184105\02_Refrence_20250825_184105,Empty directory
C:\_chunker\03_archive\03_Archive_20250825_184138\03_Archive_20250825_184105\03_Archive\.tmp.driveupload_20250825_183911,Empty directory
C:\_chunker\03_archive\03_Archive_20250825_184138\03_Archive_20250825_184105\03_Archive\.tmp.driveupload_20250825_184053,Empty directory
C:\_chunker\03_archive\03_Archive_20250825_184138\03_Archive_20250825_184105\03_Archive\02_Refrence,Empty directory
C:\_chunker\03_archive\03_Archive_20250825_184138\03_Archive_20250825_184105\03_Archive\02_Refrence_20250825_183911,Empty directory
C:\_chunker\03_archive\03_Archive_20250825_184138\03_Archive_20250825_184105\03_Archive\02_Refrence_20250825_184053,Empty directory
C:\_chunker\03_archive\03_Archive_20250825_184105\03_Archive\.tmp.driveupload_20250825_183911,Empty directory
C:\_chunker\03_archive\03_Archive_20250825_184105\03_Archive\.tmp.driveupload_20250825_184053,Empty directory
C:\_chunker\03_archive\03_Archive_20250825_184105\03_Archive\02_Refrence,Empty directory
C:\_chunker\03_archive\03_Archive_20250825_184105\03_Archive\02_Refrence_20250825_183911,Empty directory
C:\_chunker\03_archive\03_Archive_20250825_184105\03_Archive\02_Refrence_20250825_184053,Empty directory
C:\_chunker\.git\objects\info,Empty directory
C:\_chunker\.git\objects\pack,Empty directory
C:\_chunker\.git\refs\tags,Empty directory
